FID_grid_v,lamda_7,Sample,Latitude,Longitude,elevation,BIO1,BIO2,BIO4,Bio5K,Bio6K,BIO10,BIO11,BIO12,BIO13,BIO14,BIO15,BIO16,BIO17
215,NA,NA,42.898594,89.399984,-46,286.85,15.2,141.76,313.45,259.15,304.05,267.95,17,3,0,43,7,1
174,0.751,117,39.636264,92.483163,1586,281.45,16.5,111.13,304.15,256.75,294.95,266.35,18,6,0,111,15,0
164,0.877,154,38.417998,83.216561,1193,284.35,16.7,117.57,307.25,258.25,298.15,267.95,20,7,0,109,15,0
168,0,14,38.783265,85.503743,1138,283.95,16.3,118.34,306.75,257.85,297.75,267.45,19,7,0,120,16,0
157,0.749,85,38.013194,80.952638,1222,285.55,14.4,111.19,306.55,261.25,298.35,269.95,26,6,0,74,17,0
197,1,11,41.393968,92.177913,954,283.55,15.4,123.37,307.35,257.45,298.45,266.75,26,7,0,73,17,1
170,1,32,39.108414,87.812079,836,285.15,16.3,121.04,309.05,259.05,299.45,268.35,25,10,0,88,17,1
150,1,32,37.137657,76.557608,3819,272.65,11.4,104.9,292.85,250.55,285.35,258.15,41,8,0,65,19,3
184,0.885,88,40.144828,82.697129,997,285.05,15.9,117.87,307.25,258.65,298.65,268.45,28,8,0,91,20,0
137,0.517,54,36.294454,81.496597,2393,280.75,14.5,102.58,301.45,258.35,293.05,266.65,37,8,0,66,21,2
189,0.671,17,40.51915,85.035727,917,284.95,14.6,119.81,306.95,259.25,298.85,268.15,30,9,0,95,21,1
155,0.692,124,37.880202,92.774288,2749,276.65,16.4,98.34,297.45,253.75,288.85,263.55,27,9,0,106,22,0
172,0.938,12,39.392907,90.139336,1655,281.05,15.9,111.11,303.35,256.55,294.45,265.85,29,10,0,108,22,0
153,1.01,44,37.569476,78.713935,1332,285.75,13.6,107.56,306.25,262.45,298.15,270.55,42,9,0,64,22,2
175,0.838,62,39.730186,80.383432,1086,284.85,15,113.11,306.25,259.45,297.85,268.95,35,9,0,101,22,0
217,1,44,43.1552,91.857492,703,283.25,14,131.37,307.05,256.25,299.25,265.45,36,9,0,72,23,1
203,0,9,41.74625,101.778029,937,282.35,15,130.16,307.15,255.65,298.35,264.75,36,11,0,85,24,0
192,0.783,63,40.852502,87.396997,859,284.45,15.6,120.79,307.25,257.95,298.75,267.75,37,10,0,81,24,0
171,1,42,39.275917,78.096713,1144,285.35,13.9,111.27,306.35,260.95,298.25,269.65,49,9,0,68,27,1
193,0,22,41.144288,89.778563,1443,280.95,15.2,118.35,304.05,255.75,295.35,264.95,42,11,0,90,28,2
131,1,21,35.860436,79.304092,4837,267.95,13.4,98.74,289.15,246.95,280.35,254.85,44,13,0,103,29,1
178,0.605,44,39.838062,94.841098,1803,279.85,15.9,109.86,302.35,255.85,293.35,264.95,45,12,1,95,29,3
206,0.925,32,41.813501,99.453339,1061,281.15,14.7,121,304.45,256.15,296.05,264.85,46,14,0,104,31,2
229,NA,NA,44.551338,93.568816,626,281.65,14.4,137.97,306.25,253.25,298.15,262.55,55,12,1,72,31,3
169,1,32,38.783957,75.842704,2376,279.65,12.3,106.44,300.55,257.35,292.25,264.75,67,14,1,69,32,4
231,1.07,21,44.668532,91.384211,824,279.95,14.1,134.57,304.15,252.45,296.15,261.45,71,15,1,64,35,5
200,0.372,40,41.60107,94.592417,1526,279.75,14.8,114.62,302.35,255.65,293.85,264.25,56,16,1,92,36,3
147,0,12,36.690224,83.712714,3542,273.25,15.2,101.37,294.55,251.05,285.65,259.45,51,16,0,104,37,0
130,1.019,66,35.823053,77.45635,5804,262.05,11.1,97.66,282.25,242.15,274.25,249.25,77,18,1,70,39,6
198,0.671,24,41.456259,104.282131,799,282.45,14.3,130.02,306.85,256.25,298.45,264.95,57,16,0,107,39,0
186,NA,NA,40.19087,101.973647,1289,281.15,15,120.58,304.85,255.75,296.05,264.85,69,17,0,100,43,0
181,0.676,63,39.997942,97.210587,1816,279.35,13.9,107.38,300.45,256.75,292.35,264.75,75,17,1,78,45,4
183,1.08,8,40.115617,99.589001,1209,281.85,14.6,113.19,303.85,257.45,295.55,266.35,73,18,1,85,46,3
118,0.558,104,34.572565,82.016924,5278,266.15,14.4,91.29,286.25,245.95,278.05,254.55,70,22,1,109,47,5
138,1.019,40,36.316553,95.304541,3051,276.65,14.9,93.95,295.95,254.45,288.25,264.15,81,18,1,91,50,3
196,0.669,71,41.303906,79.940896,1197,282.95,14.2,108.62,303.75,258.85,295.65,267.75,98,20,2,67,50,7
242,1,68,46.106055,86.023649,439,281.05,11.9,138.47,305.75,255.75,297.65,261.95,119,22,3,53,52,13
204,0.615,92,41.763244,97.017199,1776,277.75,15,110.38,300.15,254.55,291.65,263.25,76,25,1,105,54,3
245,0.939,89,46.424211,88.583917,717,277.95,13.2,140.72,302.65,250.75,294.55,258.55,163,23,6,32,56,22
230,1.019,37,44.657826,89.002261,506,280.25,13.5,142.37,305.55,252.35,297.05,260.55,157,20,5,35,56,19
251,1.059,13,47.657964,86.139605,612,278.05,11.5,132.03,301.65,254.35,293.95,260.15,167,24,6,36,61,19
227,0.791,58,44.349305,86.504369,444,282.65,11.5,136.63,306.75,257.15,298.75,263.65,148,22,4,45,61,15
113,1.019,52,34.147321,79.897767,6243,261.05,13.1,90.4,280.45,241.15,272.85,249.75,100,31,2,103,63,7
154,0.728,180,37.642631,90.483523,3980,269.95,14.7,88.86,288.75,249.45,281.05,258.25,85,26,0,114,63,1
188,0.671,17,40.223565,104.361791,1539,279.45,13.5,121.7,302.35,254.85,294.45,263.05,99,25,0,94,63,0
158,0.469,36,38.077149,95.07821,3768,271.15,14.8,93.88,290.65,248.95,283.05,258.85,96,24,1,97,64,3
248,0.671,159,46.599538,90.366576,1260,275.35,14.2,137.66,299.65,247.55,291.55,256.25,161,28,6,43,64,21
127,NA,NA,34.960028,84.187093,5248,265.85,14.3,88.8,285.25,246.15,277.25,254.35,92,27,0,113,65,3
148,0,14,37.047185,85.950582,4801,265.85,14.2,94.17,285.65,245.15,277.65,253.45,95,30,0,122,71,2
208,0.416,33,41.872299,82.152768,1399,281.35,14.3,114.42,302.85,256.05,294.45,265.15,127,25,2,77,71,6
219,1.011,65,43.356533,94.317969,1925,276.35,12.9,108.06,296.85,254.15,289.65,262.05,119,30,2,92,74,6
201,1,62,41.68167,106.894683,1381,278.65,12.5,122.15,301.45,254.55,293.75,262.25,122,34,1,104,82,3
128,NA,NA,35.30936,86.377633,4924,267.05,14.3,88.16,286.05,247.25,278.15,255.55,113,35,0,115,83,2
151,1.01,16,37.364814,88.208219,4830,265.45,14.1,89.94,284.65,245.45,276.75,253.75,115,36,0,117,85,2
98,0.764,319,32.846196,82.515099,4703,271.05,14.3,80.09,289.25,252.95,281.45,260.95,151,40,1,88,88,12
108,0.513,30,33.226018,84.641081,5129,268.25,14.1,79.95,286.15,250.05,278.55,258.15,138,39,1,101,89,8
187,NA,NA,40.213639,106.750673,1062,281.55,13.6,118.72,304.15,256.95,296.15,265.45,135,41,0,103,89,2
167,NA,NA,38.453252,104.376787,1345,281.85,14.2,112.14,303.75,257.55,295.55,266.55,145,43,1,94,90,3
93,0.75,53,32.425148,80.422353,4887,269.95,14.8,85.43,289.65,250.85,281.35,259.45,144,43,3,98,92,14
223,0.823,312,43.593878,81.69561,849,281.25,13,116.32,302.95,256.55,294.75,264.75,235,33,10,38,93,32
180,0.33,76,39.993561,75.287619,3370,271.95,11.1,107.41,292.55,249.75,284.55,256.85,210,34,6,56,94,20
254,1.2,9,48.007241,87.914912,1853,272.55,11.7,120.28,293.85,249.35,287.25,256.45,209,40,5,57,97,19
190,NA,NA,40.661504,77.686187,3042,273.35,11.8,105.7,293.35,250.95,285.65,258.45,178,34,2,84,100,7
222,0.813,421,43.503836,112.1509,979,276.85,13.8,143.2,302.55,248.95,294.25,257.25,150,41,1,105,101,3
129,1,26,35.620088,88.586673,4978,266.25,14.2,86,284.85,246.65,277.15,255.15,143,45,0,121,105,2
165,1,16,38.421362,102.044719,1789,279.65,14.2,103.5,300.45,256.55,292.35,265.55,184,44,1,89,108,4
109,NA,NA,33.568335,86.786168,5089,268.05,14,80.95,285.85,249.35,278.35,257.65,157,47,1,112,111,6
232,1,69,44.723315,112.363904,1058,275.55,13.5,142.36,301.25,248.45,292.95,256.15,168,47,1,104,116,3
87,0.58,53,31.486862,85.075948,5460,268.05,13.6,70.3,283.35,250.55,277.15,259.15,196,55,1,97,123,15
135,0.887,286,36.124048,93.052243,4736,267.05,14.2,82.65,284.95,247.85,277.45,256.45,182,51,1,108,126,3
211,0.678,66,42.256507,84.545015,2450,272.75,10.3,117.04,292.95,250.65,285.85,255.85,190,48,1,107,131,3
146,0.485,32,36.684053,104.391095,1685,281.85,13.2,101.01,301.45,259.15,294.05,267.85,216,58,1,95,133,5
132,1,21,35.89178,90.812234,5494,263.15,14.1,81.83,281.25,244.45,273.55,252.85,189,57,0,115,136,2
166,NA,NA,38.443571,106.709543,1322,281.05,13.2,108.51,301.65,257.65,294.35,266.15,226,63,1,97,139,5
207,0.868,50,41.835149,111.679887,1394,276.85,13.1,132.32,300.55,250.55,292.95,258.75,212,68,2,112,141,6
111,1,21,33.872723,88.94859,5256,266.45,13.9,81.4,284.15,247.65,276.85,256.15,197,60,1,120,144,4
235,0.79,81,44.854347,81.285328,1381,276.55,12.2,116.42,298.55,253.15,290.35,260.35,347,53,12,45,145,43
66,1,45,29.74128,85.49286,5444,269.05,13.8,62.32,282.85,252.05,277.05,261.15,226,67,1,107,150,18
140,0.378,84,36.469007,97.566892,2839,278.15,14.2,91.29,297.35,256.95,289.35,265.85,264,61,4,83,154,15
160,0.816,72,38.233153,97.392902,4096,268.55,13.5,92.2,287.05,247.25,279.95,256.25,236,58,1,102,155,5
240,0.926,126,45.711672,83.605501,1879,272.85,10.8,124.24,295.15,249.75,287.55,255.75,322,59,7,66,156,24
213,0.874,53,42.598828,86.961598,3236,270.25,11.8,99.43,289.45,249.85,282.25,256.75,244,59,1,100,159,4
205,0.93,118,41.788329,109.289693,1698,276.05,12.7,121,298.35,251.75,290.95,259.75,241,66,2,105,160,8
88,NA,NA,31.822728,87.177351,4580,272.85,14,74.32,289.25,254.85,282.25,263.35,225,68,1,126,166,6
220,0.558,145,43.463907,114.341161,1122,275.55,13.3,139.58,300.35,248.25,292.45,256.35,242,67,2,106,167,6
68,0,17,30.071214,87.552255,5194,270.85,14.8,71.2,286.45,251.75,279.95,261.85,208,77,1,142,169,4
112,1.019,66,34.138792,91.126483,4923,267.65,14.7,82.3,285.15,247.85,278.05,257.15,249,75,0,120,179,2
234,0.941,74,44.811261,114.801542,1325,272.85,13.7,141.88,298.25,245.45,290.15,253.45,259,73,2,110,180,7
53,0.521,200,28.865087,92.000619,5086,272.25,14.9,63.65,285.75,252.85,280.15,263.95,251,74,0,123,183,2
79,0.74,310,31.114723,82.993009,5037,270.55,12.6,64.1,285.15,255.55,278.85,262.45,368,81,3,72,188,35
52,0.799,369,28.751023,89.932149,4727,274.05,14.6,64.99,288.45,255.25,282.15,265.65,245,79,0,133,188,0
162,0,6,38.347954,99.715908,3185,272.55,13.3,90.75,290.65,251.35,283.65,260.25,293,70,1,103,192,4
243,1,42,46.246821,117.761263,846,273.15,13.9,150.64,299.75,244.75,291.65,252.85,282,82,3,107,192,9
70,0.725,122,30.364417,89.626931,5082,271.25,13.9,71.15,286.55,252.65,280.15,262.15,247,82,0,138,195,0
236,0.835,184,45.026477,117.149177,930,274.25,13.7,144.03,299.75,246.75,291.85,254.65,292,83,3,107,201,9
90,1,34,32.382193,89.295021,4587,271.85,13.4,76.88,288.35,253.75,281.45,261.95,279,81,1,121,202,3
257,0.623,14,48.696908,117.756121,558,273.05,13.1,158.51,300.45,243.85,292.45,251.65,278,92,2,119,202,7
67,0.865,199,29.746078,83.73054,4603,273.75,11.8,52.99,286.55,260.25,280.35,266.85,430,84,4,65,203,44
89,1,26,31.89781,79.033167,5184,268.75,12,75.52,284.75,251.15,278.55,259.25,397,87,8,68,204,44
185,0.618,19,40.161112,109.13753,1341,279.35,12.4,115.43,300.85,255.95,293.55,263.65,305,92,1,109,205,6
117,0.817,247,34.554624,95.520806,4292,270.35,14.3,83.13,287.65,249.85,280.55,259.45,338,80,2,98,209,8
115,0.919,195,34.366195,93.317898,4571,269.35,14.5,81.41,286.65,249.55,279.45,258.85,312,85,1,109,211,5
142,0.492,13,36.581179,99.837004,3911,270.15,13.5,83.46,287.05,249.45,280.25,258.95,340,78,1,97,212,6
120,0.745,219,34.703824,97.733116,4334,270.15,13.8,81.75,287.05,249.95,280.05,259.25,356,79,3,93,214,11
48,0.66,232,28.504469,86.066018,5080,271.05,14.1,58.1,284.55,254.25,278.35,263.55,304,95,1,118,217,13
225,0.778,306,43.997156,84.029941,2992,267.05,8.7,118.93,287.55,246.15,280.55,250.15,362,79,4,90,218,13
202,1.011,57,41.694126,114.11229,1370,277.05,11.3,121.38,298.35,253.65,291.85,260.55,332,90,2,106,224,7
72,0.891,74,30.620575,91.715229,4896,271.65,14.9,72.37,287.35,252.05,280.65,262.15,322,88,1,118,230,3
92,0.916,235,32.382193,91.427198,4936,269.15,14.7,79.47,285.85,249.05,278.95,258.75,334,91,2,115,231,6
144,0.788,30,36.652898,102.11253,2426,278.55,13.4,84.24,295.95,257.55,288.75,266.85,407,87,2,91,233,7
145,NA,NA,36.674595,106.670301,1833,279.75,11.8,93.44,298.55,259.65,291.25,266.95,403,95,2,89,237,9
179,0.881,53,39.928718,113.894201,1047,279.95,13.4,114.13,300.85,255.75,293.85,264.35,375,109,3,100,238,13
261,0.771,27,49.851968,118.723823,544,271.85,13.4,163.25,299.65,241.05,291.55,249.45,340,105,2,115,243,9
218,1,34,43.274348,116.822462,1250,274.65,13.1,131.04,298.05,248.85,290.55,256.75,358,105,2,110,245,8
163,0,11,38.392334,109.040413,1216,281.55,13.5,110.57,302.65,257.45,295.25,266.45,373,105,2,103,249,7
49,0.625,140,28.53636,87.90849,4475,274.75,15.4,65.6,289.85,255.85,282.95,266.25,330,114,1,131,250,4
122,1,7,34.813587,99.952678,3797,271.75,14.9,83.54,289.05,249.85,281.55,260.35,446,93,2,90,256,9
121,0.508,73,34.767386,111.081778,352,287.05,11.1,99.66,305.05,266.35,299.55,273.55,483,102,6,77,260,20
55,0.616,599,29.067648,94.048682,4396,275.65,13.7,58.14,286.55,256.25,282.75,267.95,440,101,1,97,269,7
216,0.912,67,43.041098,119.289218,586,279.25,13.3,123.35,301.45,254.85,294.35,262.65,369,116,1,119,270,5
182,0,21,40.06608,111.519611,1261,278.55,13.3,116.38,300.15,253.95,292.55,262.45,429,113,3,107,280,12
74,0.797,329,30.839405,93.815418,5022,270.75,14,68.69,285.85,252.25,279.25,261.75,441,106,2,103,283,8
143,NA,8,36.624539,108.947749,1467,281.05,11.8,96.2,299.65,260.15,292.95,267.95,480,108,3,90,286,10
126,0.641,40,34.914239,104.404761,2330,279.35,10.7,77.95,295.35,261.75,289.05,268.75,556,104,3,80,290,12
228,NA,NA,44.519615,122.163795,170,279.15,12.3,133.46,302.15,253.15,295.45,261.05,396,129,1,118,290,5
95,0.9,256,32.605127,93.572046,4971,269.05,14.1,77.06,285.45,249.35,278.55,258.95,451,111,3,105,294,10
233,1,32,44.804542,119.654533,756,275.85,13.5,131.57,299.45,250.35,292.05,258.25,402,133,2,121,297,7
266,NA,NA,52.919013,124.384827,425,269.35,14.8,165.06,298.05,238.15,289.25,247.15,475,121,4,98,298,15
156,0.669,71,37.990503,115.996257,16,286.25,10.7,109.79,305.45,264.45,299.85,271.65,414,129,4,120,298,15
256,0.837,56,48.359682,120.449626,971,270.75,12.8,147.67,296.65,242.95,288.75,250.65,442,125,4,106,299,15
267,NA,NA,53.121151,122.057038,694,267.65,15.4,167.37,296.55,235.65,287.85,245.15,466,116,4,98,299,16
123,0.47,30,34.856011,108.859237,738,286.45,10.3,99.19,305.15,266.65,299.05,273.25,549,118,5,79,300,18
238,0.775,166,45.323661,132.28433,66,277.45,10.9,132.85,299.65,251.65,293.35,259.05,569,118,6,77,300,27
100,0.508,66,32.93603,97.89208,4578,271.45,14.4,70.83,286.95,252.25,280.05,261.95,501,111,3,97,302,11
107,1,20,33.142197,104.417826,1343,286.25,10.8,71.94,300.95,269.35,295.05,276.45,564,119,2,82,303,10
247,0.851,43,46.488099,120.181165,988,271.95,13.5,141.3,296.85,244.55,289.15,252.75,451,131,5,106,305,15
244,1,51,46.281664,122.611404,267,277.25,11.9,138.82,300.85,250.75,294.15,258.35,424,139,2,119,309,7
241,1.019,35,45.942546,125.160263,142,277.15,12.1,144.63,301.35,248.75,294.75,257.35,449,142,2,113,310,8
80,0.755,21,31.164134,98.04425,4040,276.65,15,63.29,291.45,258.45,284.35,268.15,510,113,2,98,311,8
262,NA,NA,50.149441,120.872667,869,269.05,14.5,155.74,296.05,238.65,287.75,247.75,458,130,4,107,312,14
199,1,30,41.509944,116.533775,1453,275.05,12.5,121.85,295.95,250.25,289.75,258.35,471,134,3,105,313,11
159,0.421,82,38.165611,113.686279,1124,280.65,12.5,102.83,299.45,258.45,293.25,266.65,473,143,2,110,313,12
214,NA,NA,42.764302,121.738183,324,279.65,12.3,126.9,301.45,254.45,295.15,262.45,463,135,2,108,313,9
246,0.889,53,46.477653,132.947561,90,276.15,10.8,143.96,299.85,248.65,293.35,256.25,573,127,6,83,317,23
97,0.694,358,32.789816,95.727662,4677,270.95,13.6,73.41,286.95,252.45,279.95,261.25,512,116,3,100,318,11
265,1.013,74,51.934436,121.506884,837,267.35,15.8,162.46,295.55,235.35,286.85,245.35,483,129,4,102,318,16
161,0,6,38.299629,111.366836,1630,278.15,12.8,106.2,297.95,254.95,291.05,263.55,503,127,4,100,320,13
263,0.757,75,51.156274,126.232014,401,270.75,13.2,163.03,298.15,240.25,290.35,248.45,506,128,3,99,322,14
255,0.651,50,48.052919,123.082719,359,274.65,12.4,143.09,298.95,247.05,292.15,255.25,463,144,3,115,324,10
76,0.759,337,30.972062,80.974642,4535,273.35,12.1,64.5,287.85,258.45,281.65,265.15,604,135,8,76,327,54
141,1,12,36.533962,111.221047,1575,279.95,11.4,95.39,298.05,259.45,291.75,266.85,555,128,4,88,327,15
264,1.013,74,51.634672,124.10432,639,268.85,15.1,162.28,296.65,237.15,288.35,246.85,508,135,4,102,328,15
221,0.563,106,43.46955,129.5003,276,277.65,12.7,130.19,299.75,251.25,293.45,259.85,541,131,4,92,329,15
252,0.638,43,47.702552,125.696113,254,274.85,11.9,151.44,299.75,245.75,293.15,254.05,489,150,3,112,331,10
249,0.827,347,46.863401,130.832945,83,276.35,11.4,143.53,300.45,248.85,293.65,256.65,551,129,5,93,331,19
260,0.843,57,49.836178,123.579651,399,271.75,15.7,154.6,298.35,239.95,290.25,250.55,493,145,3,110,336,11
77,0,34,31.020661,95.925707,4598,273.45,13.6,64.72,288.25,256.35,281.45,264.95,552,124,3,96,337,12
59,0.756,257,29.390103,98.192278,4685,273.05,12.5,56.51,285.15,256.95,279.95,265.65,572,130,3,91,341,14
124,1,21,34.883758,102.1773,3739,272.65,14.5,71.89,287.85,251.55,281.35,262.85,617,125,2,88,342,12
253,0.747,38,47.778451,133.749609,51,275.15,10.6,150.5,299.95,247.15,293.05,254.25,631,134,8,80,342,30
259,0.772,31,49.459392,126.22218,385,272.25,13.3,155.46,298.45,242.15,290.85,250.85,528,143,3,104,345,12
237,0.839,209,45.142419,130.146131,376,276.25,12,137.62,299.75,249.25,292.75,257.25,565,131,4,94,347,19
125,0.641,40,34.904986,106.632821,1583,282.15,10.1,85.91,299.35,264.45,292.95,270.55,633,120,4,81,355,14
136,0.612,170,36.231867,115.745785,38,286.95,11,103.51,305.45,266.35,299.75,272.95,558,170,7,104,356,23
102,0.658,28,33.043582,100.063287,4247,271.85,14.9,73.29,287.65,251.45,280.55,261.85,622,133,4,94,360,15
226,1.016,53,44.190687,124.651106,257,277.95,11.5,137.05,300.95,251.05,294.65,259.25,531,163,3,110,362,11
119,0.813,220,34.639234,113.298232,385,286.25,11.3,94.78,303.95,266.65,298.15,273.45,682,155,9,79,371,32
105,0.635,66,33.112334,102.239229,3775,274.45,15.7,67.33,289.65,253.35,282.35,265.05,731,138,4,84,383,17
194,0.799,35,41.198336,121.293767,57,282.35,10.5,116.41,301.75,259.25,296.45,266.55,574,170,3,110,383,11
152,1.01,16,37.557204,118.028599,7,285.95,11.6,103.65,304.55,264.85,298.55,271.75,574,188,5,114,388,20
116,0.884,262,34.471735,115.506428,51,287.65,10.7,96.68,305.45,268.25,299.85,274.75,694,186,13,87,391,42
139,0.584,83,36.403005,113.487834,1047,282.35,12.8,99,301.35,260.25,294.45,268.45,633,172,5,99,393,18
258,0.991,77,48.796262,128.765073,385,272.35,13.1,156.46,298.55,241.25,290.95,250.75,644,155,5,98,402,20
94,0.868,188,32.506044,117.428307,59,288.65,8.9,92.79,305.15,270.75,300.35,276.25,866,186,24,61,403,88
101,1.01,33,32.998313,110.9486,633,286.45,10.6,85.18,303.15,268.55,297.35,275.05,853,158,13,64,405,47
173,0.822,23,39.517354,121.654244,18,283.25,8.2,106.8,300.65,262.85,296.15,268.75,633,176,7,104,405,24
195,0.799,35,41.282957,118.941558,1111,277.65,12.2,115.61,297.75,253.65,291.65,261.85,591,174,3,111,407,10
250,1,52,47.306553,128.280731,327,274.05,12.9,151.22,299.25,243.65,292.15,253.05,636,164,5,101,409,17
82,0.558,113,31.269658,100.169155,4635,272.25,14.3,64.26,285.75,252.95,279.95,263.55,697,153,3,98,422,13
99,0.597,168,32.872735,113.116898,132,288.35,10,90.36,305.05,270.15,299.75,276.25,836,178,14,71,423,53
78,0.888,259,31.102028,112.943303,143,289.15,8.3,86.23,304.85,272.65,299.95,277.65,1001,174,24,54,430,91
57,0.284,91,29.245752,96.115491,3736,278.85,12.5,54.5,290.45,262.75,285.45,271.55,746,159,4,89,434,17
239,0.676,206,45.559016,127.682463,470,274.35,12.8,145.96,298.75,244.85,291.95,254.15,677,181,6,100,434,21
110,1,26,33.844805,119.603353,1,287.35,8.5,91.84,303.55,269.95,298.85,275.25,789,187,25,77,434,79
149,1,32,37.136793,120.624562,155,284.05,8.3,100.05,300.95,265.35,296.35,270.65,699,196,9,100,436,29
103,0.794,62,33.085149,108.774606,973,285.65,9.2,82.04,302.35,269.65,296.15,274.75,873,155,7,71,438,27
114,1,64,34.26512,117.70424,24,287.85,9.8,96.23,304.85,269.15,299.95,274.95,715,192,14,91,439,51
96,0.743,489,32.708576,115.277465,38,288.75,9.4,90.95,305.35,270.95,300.25,276.55,908,198,19,64,441,84
106,0.666,24,33.133131,106.596985,708,287.45,8.6,79.98,302.85,271.55,297.55,276.75,839,162,6,78,452,21
212,0.737,28,42.444652,124.166708,270,279.65,12.3,129.88,301.75,252.75,295.45,261.75,717,187,6,98,452,22
134,1.001,99,36.074815,119.721595,66,285.45,8.2,95.54,301.95,267.15,297.05,272.55,755,205,10,95,456,34
209,0.898,58,42.173597,128.399608,1319,272.95,12.4,120.91,294.55,248.45,287.85,256.55,764,171,9,91,467,31
64,0.702,152,29.576667,106.529834,274,291.95,6.7,73,306.95,278.85,301.25,282.25,1086,175,19,61,472,63
177,0.456,43,39.782476,118.418249,77,283.85,11.4,109.78,302.75,261.15,297.15,268.85,644,214,4,126,475,13
47,0.776,91,27.803489,98.750911,3622,278.85,10.3,49.77,287.65,263.85,284.85,272.25,854,188,9,81,476,37
46,0.547,146,27.797789,104.453795,1266,287.35,8.6,62.95,300.35,273.65,294.85,278.45,908,167,13,75,476,43
224,0.766,269,43.81847,127.113675,804,274.15,12.9,138.79,297.05,244.75,290.95,254.95,747,198,7,98,477,23
91,0.91,131,32.265364,119.567451,3,288.55,7.9,92.51,305.35,272.05,300.15,276.75,1025,197,32,58,479,112
176,0.669,71,39.749276,116.258632,48,285.35,11.1,107.08,304.25,264.05,298.35,270.85,610,235,3,141,480,11
69,0.845,83,30.174879,121.050835,8,289.85,7.8,83.46,305.65,274.25,300.25,278.95,1266,193,49,43,482,157
61,1,12,29.490372,100.270582,4634,272.75,13.7,59.07,285.35,255.05,279.85,264.95,736,189,3,106,487,11
133,0,34,36.020804,117.992633,424,284.95,10.8,99.22,302.55,264.85,297.15,271.45,764,238,9,105,492,31
1,0.76,150,20.245266,110.139487,5,297.25,6.4,42.34,305.85,287.75,301.95,291.25,1163,178,22,57,497,87
84,0.919,51,31.337108,102.298499,4126,274.05,13.5,60.43,287.35,255.65,281.35,265.85,919,173,6,85,500,22
81,0.614,117,31.225244,110.821123,1233,284.65,8.2,76.91,299.95,269.65,294.45,274.45,1168,198,21,59,501,78
45,0.631,120,27.789199,106.498332,1311,287.35,7.5,69.66,301.45,274.15,295.95,277.95,1116,181,20,64,512,66
29,0.528,146,25.910174,100.461181,1636,290.85,11.5,43.21,300.95,277.25,295.65,284.85,944,183,12,81,514,48
43,0.12,44,27.743728,108.541599,988,287.55,7.7,75.09,302.35,273.35,296.85,277.45,1236,197,28,56,523,86
85,0.561,75,31.35751,106.562688,496,289.85,7.5,72.75,304.15,275.55,298.95,280.05,1116,197,14,70,542,44
19,0.67,91,24.199452,104.473251,1110,292.15,10.1,48.43,301.85,278.75,297.35,285.15,1017,182,13,77,543,48
83,0.666,177,31.310438,108.693605,696,288.75,8,75.28,304.55,274.65,298.25,278.75,1220,202,13,66,545,47
41,0.721,198,27.704331,100.36784,2460,286.15,12.4,47.92,296.05,270.65,291.65,279.55,883,209,3,97,546,16
58,0.602,83,29.325695,112.776963,29,290.35,6.8,86.03,305.85,274.55,301.15,278.85,1287,200,41,47,551,157
63,0.695,94,29.556627,102.355278,2631,281.55,9.3,56.81,294.25,268.55,288.45,273.75,1048,191,7,81,556,28
210,0.519,79,42.18879,126.509161,1030,274.15,12.9,134.87,297.25,245.55,290.35,255.35,897,225,10,94,557,35
73,0.97,128,30.742153,117.164046,60,289.65,7.7,86.06,305.85,274.05,300.45,278.45,1325,246,30,54,563,128
17,0.622,205,24.169797,102.512148,1843,290.65,10.7,41.19,300.05,277.75,295.25,284.85,992,202,13,84,566,44
30,0.707,126,25.948964,108.470192,410,291.55,8.6,68.38,304.95,277.25,299.65,282.05,1225,212,28,61,570,102
191,NA,NA,40.756437,123.649922,469,278.95,11,117.66,298.95,254.75,293.25,262.85,914,247,10,100,577,34
23,0.72,461,25.323755,118.265763,126,293.85,7.3,59.7,305.85,281.65,301.05,285.95,1354,229,30,56,580,111
71,0.856,133,30.505905,119.258917,546,286.95,7.6,83.87,302.65,271.05,297.55,275.95,1454,234,45,48,584,167
75,0.848,685,30.940936,115.058234,113,289.55,8.8,87.05,305.95,272.85,300.55,277.95,1299,221,28,56,589,120
86,1,7,31.366403,104.430331,536,289.55,7.4,71.05,302.85,275.25,298.25,279.85,931,236,6,100,593,24
60,0.624,197,29.446743,110.698989,263,289.95,8.1,80.27,305.65,274.65,299.95,279.25,1362,221,33,54,597,113
62,0.711,109,29.53043,108.616006,820,287.85,7.7,73.51,303.15,274.35,296.95,277.95,1416,205,25,57,600,84
39,0.748,403,27.542361,112.617433,143,290.75,7.5,85.6,306.45,274.75,301.25,279.25,1632,202,47,41,604,192
31,0.815,52,25.97433,102.461967,2316,286.35,11.6,44.73,296.05,271.95,291.35,280.05,995,248,7,97,621,28
27,0.539,267,25.750726,112.464287,241,291.45,7.9,78.16,306.95,276.45,301.05,280.95,1434,223,52,48,625,181
35,0.818,193,27.106781,120.034954,444,289.95,7.2,66.78,302.95,276.75,298.25,281.25,1688,258,43,51,632,156
56,0.761,1047,29.167417,114.848131,123,290.35,9.3,83.88,307.05,273.75,300.85,279.25,1413,244,40,53,632,155
33,NA,NA,26.002192,104.464816,1950,286.75,9.4,51.54,297.15,273.25,292.65,279.45,1153,226,14,83,638,46
40,0.414,127,27.661421,110.58187,758,287.55,7.6,78.01,302.25,272.55,297.25,277.15,1465,235,43,49,638,166
44,0.389,100,27.769491,102.40972,2703,283.55,11.4,48.74,293.85,268.65,289.35,276.75,1083,244,6,94,642,21
65,0.637,105,29.585402,104.442309,702,288.95,6.9,66.73,302.45,276.35,297.25,279.95,1147,252,14,84,642,49
18,0.78,148,24.188923,106.439067,679,293.35,9,53.99,304.35,280.55,299.45,285.65,1179,225,13,79,644,51
32,0.486,25,25.993734,106.468102,1124,289.75,8.3,62.52,301.95,276.25,297.15,280.95,1267,239,18,73,650,64
15,0.534,131,24.106648,100.550913,1897,289.45,11.2,38.49,298.15,275.65,293.65,283.95,1145,236,14,86,656,46
37,0.626,628,27.386663,114.646599,77,291.55,8.3,81.5,307.65,275.85,301.55,280.65,1497,234,51,51,665,181
11,0.527,356,23.740135,116.119502,98,294.65,7.6,54.87,305.05,282.05,300.95,287.15,1566,252,30,60,673,110
50,0.942,88,28.60552,120.712992,704,287.45,7.2,74.93,301.95,272.95,296.85,277.65,1807,256,48,48,686,186
22,0.828,755,24.608961,120.756485,20,295.05,6.6,47.82,304.75,285.05,300.75,288.75,1649,280,19,61,696,87
2,0.511,350,22.287842,110.263527,103,295.25,7.6,52.2,305.25,282.95,300.95,287.85,1518,255,27,65,697,103
28,0.602,188,25.867923,110.469463,571,289.75,7.9,73.85,304.05,275.25,298.65,279.75,1579,281,49,54,709,181
26,0.725,216,25.63976,98.848575,1197,291.95,11.2,44.08,300.85,277.45,296.55,285.55,1427,249,19,67,713,86
25,0.696,163,25.597415,114.453224,330,291.85,8.3,72.76,306.05,276.95,300.65,282.05,1583,257,44,57,718,136
13,0.428,392,23.949449,112.31733,82,294.45,8.4,62.13,306.65,280.65,301.65,285.95,1577,285,37,62,735,123
14,0.527,258,24.064907,110.36149,436,292.25,8,62.62,304.05,278.65,299.45,283.65,1557,279,43,63,736,136
54,0.637,105,28.972075,116.910737,34,291.15,8.6,82.82,307.15,274.85,301.35,280.05,1647,280,47,54,742,175
7,0.655,147,22.714752,106.799998,333,295.05,8.6,52.3,305.35,282.55,300.85,287.65,1401,259,21,77,750,83
16,0.425,166,24.144793,108.401606,154,294.75,7.8,61.47,306.25,281.45,301.75,286.15,1576,271,37,66,762,128
20,NA,NA,24.22318,98.785786,1969,287.85,11.7,40.42,296.85,273.55,292.15,282.05,1383,289,13,84,778,53
51,0.881,168,28.739874,118.963064,826,287.45,7.8,76.39,302.05,272.25,296.95,277.25,1862,316,46,50,780,191
24,0.728,187,25.408054,116.434368,519,291.85,9.2,61.56,304.65,277.55,299.15,283.35,1736,298,40,60,811,144
34,0.818,193,26.966137,118.679013,1132,287.65,7.5,62.67,300.35,274.65,295.25,279.25,1964,313,45,53,818,169
4,0.418,345,22.395008,100.686379,1175,292.75,12.4,34.51,302.55,278.85,296.25,287.65,1484,310,15,84,828,54
5,0.563,217,22.42497,108.335321,128,295.25,7.3,54.16,305.15,283.05,301.25,287.75,1613,295,33,72,841,113
8,0.863,120,22.840023,102.446154,1029,293.75,10.8,36.58,302.35,281.45,297.45,288.35,1431,311,14,87,846,57
36,0.588,1025,27.194478,116.667714,218,291.55,8.6,77.14,306.55,275.55,300.85,281.05,1726,302,47,62,851,173
0,0.713,216,18.96548,109.794994,395,296.45,8,31.85,304.05,286.95,299.85,291.75,1724,326,17,76,859,64
9,0.991,35,23.014878,104.161805,1626,288.95,7.5,43.79,297.65,278.25,293.75,282.65,1525,341,13,87,870,55
3,0.456,294,22.369103,112.119543,417,293.75,7.2,49.26,303.15,281.95,299.25,286.85,1789,317,27,73,888,94
6,0.687,131,22.542729,113.900856,0,295.95,7.1,50.49,305.35,284.25,301.65,288.95,1833,313,28,73,926,94
12,0.75,383,23.79819,114.267208,86,294.75,8.6,57.4,305.95,281.15,301.25,286.75,1930,355,32,67,927,127
38,0.809,741,27.486516,92.541484,1691,289.55,11.2,47.42,299.15,274.45,295.05,282.85,1744,367,6,91,1012,31
21,0.493,439,24.560436,121.54535,1159,289.45,6.6,37.42,297.55,280.45,293.85,284.45,2959,420,128,43,1182,409
42,0.385,95,27.730255,94.007609,983,292.65,10.2,44.72,302.05,278.95,297.65,286.25,2589,498,13,86,1427,60
10,0.47,338,23.190572,120.618173,354,295.15,8.1,33.7,302.75,285.55,298.85,290.35,2958,653,19,97,1801,67
